Hersteller;Artikelnummer;Gruppierung;Lokalisierung;Seriennummer;Artikelname;Vertriebsbeschreibung;Marketing-Status;Gesamt Seiten;Verkaufspreis excl. Ust;MwSt Satz;Gewicht;Hersteller URL;Link Bilddatei;Kategorie / Produktlinie;Anzahl;
	LG;T6.DEUSLLK; -  ; -  ;704HZVA194695; T6 Soundbar Accessary  ; -Stativadapter für TV-Verbindung mit Soundbar SJ8  - **90 Tage Übernahmegarantie** - **Vorführ / Messe / Demogerät**     ;Reveno; -  ;15,00;19%; 1 ; - ; https://images.cds-limes.com/LG/T8_D01_27092017.jpg ;/Preislistenproduktlinien/TV / Heimkino / Blu-ray/Heimkinosysteme;1;
	LG;T6.DEUSLLK; -  ; -  ;704HZYL194842; T6 Soundbar Accessary  ; -Stativadapter für TV-Verbindung mit Soundbar SJ8  - **90 Tage Übernahmegarantie** - **Vorführ / Messe / Demogerät**    ;Reveno; -  ;15,00;19%; 1 ; - ; https://images.cds-limes.com/LG/T8_D01_27092017.jpg ;/Preislistenproduktlinien/TV / Heimkino / Blu-ray/Heimkinosysteme;1;
	LG;MR140.BEUSLLK; -  ; -  ;408INYD239538; MR140 MusicFlow R1 ; - Music Flow Bridge (optionales Zubehör): Ermöglicht freie Platzierung des ersten Music Flow Lautsprechers - Konnektivität: WLAN - Komfort: Mesh Network - Anschlüße: RJ45-Ethernet (LAN) - ** Vorführ / Demo / Messegerät **  - ** 90 Tage Übernahmegarantie **   ;Reveno; -  ;12,00;19%; 1 ; - ; https://images.cds-limes.com/LG/MR140.jpg ;/Preislistenproduktlinien/TV / Heimkino / Blu-ray/Home Audio;1;
	LG;MR140.BEUSLLK; -  ; -  ;409INMF118811; MR140 MusicFlow R1 ; - Music Flow Bridge (optionales Zubehör): Ermöglicht freie Platzierung des ersten Music Flow Lautsprechers - Konnektivität: WLAN - Komfort: Mesh Network - Anschlüße: RJ45-Ethernet (LAN) - ** Vorführ / Demo / Messegerät **  - ** 90 Tage Übernahmegarantie **   ;Reveno; -  ;12,00;19%; 1 ; - ; https://images.cds-limes.com/LG/MR140.jpg ;/Preislistenproduktlinien/TV / Heimkino / Blu-ray/Home Audio;1;
	LG;MR140.BEUSLLK; -  ; -  ;409INKH118813; MR140 MusicFlow R1 ; - Music Flow Bridge (optionales Zubehör): Ermöglicht freie Platzierung des ersten Music Flow Lautsprechers - Konnektivität: WLAN - Komfort: Mesh Network - Anschlüße: RJ45-Ethernet (LAN) - ** Vorführ / Demo / Messegerät **  - ** 90 Tage Übernahmegarantie **   ;Reveno; -  ;12,00;19%; 1 ; - ; https://images.cds-limes.com/LG/MR140.jpg ;/Preislistenproduktlinien/TV / Heimkino / Blu-ray/Home Audio;1;
	LG;MR140.BEUSLLK; -  ; -  ;409INZY118829; MR140 MusicFlow R1 ; - Music Flow Bridge (optionales Zubehör): Ermöglicht freie Platzierung des ersten Music Flow Lautsprechers - Konnektivität: WLAN - Komfort: Mesh Network - Anschlüße: RJ45-Ethernet (LAN) - ** Vorführ / Demo / Messegerät **  - ** 90 Tage Übernahmegarantie **   ;Reveno; -  ;12,00;19%; 1 ; - ; https://images.cds-limes.com/LG/MR140.jpg ;/Preislistenproduktlinien/TV / Heimkino / Blu-ray/Home Audio;1;
	LG;MR140.BEUSLLK; -  ; -  ;409INRC118798; MR140 MusicFlow R1 ; - Music Flow Bridge (optionales Zubehör): Ermöglicht freie Platzierung des ersten Music Flow Lautsprechers - Konnektivität: WLAN - Komfort: Mesh Network - Anschlüße: RJ45-Ethernet (LAN) - ** Vorführ / Demo / Messegerät **  - ** 90 Tage Übernahmegarantie **   ;Reveno; -  ;12,00;19%; 1 ; - ; https://images.cds-limes.com/LG/MR140.jpg ;/Preislistenproduktlinien/TV / Heimkino / Blu-ray/Home Audio;1;
	LG;CK56.DMEXPV; -  ; -  ;802HZEE242292; CK56 Musikanlage ; - Mikrosystem mit CD / USB / 1x Mikrofoneingang / MP3 / WMA - UKW-Radio,  - 10 Senderspeicher,  - Bluetooth,  - 2x USB  - 700W -  X-Shiny  - **90 Tage Übernahmegarantie** - **Vorführ / Messe / Demogerät**   ;Reveno; -  ;159,00;19%; 15 ; - ; https://images.cds-limes.com/LG/CK56.DMEXPV.jpg ;/Preislistenproduktlinien/TV / Heimkino / Blu-ray/Home Audio;1;
	LG;NA9740.BDEULLK; -  ; -  ;409INEW179268; NA9740 Music Flow H7 ; - Ausgangsleistung: 70 Watt - Tonverarbeitung: 24bit/ 192 KHz Sampling - Unterstützte Audio Formate: MP3, WMA, Ogg Vorbis, AIFF, AAC (MPEG4), AAC+, Apple Lossless (m4a), FLAC, WAV - Bluetooth, NFC, WLAN - Wiedergabemodi: Zufallswiedergabe, Programmwiedergabe, Titel wiederholen, Alle wiederholen - ** Vorführ-/ Demo-/ Messegerät ** - ** 90 Tage Übernahmegarantie **   ;Reveno; -  ;169,00;19%; 5 ; http://www.lg.com/de/multiroom/lg-H7-NA9740 ; https://images.cds-limes.com/LG/NA9740.BDEULLK.jpg ;/Preislistenproduktlinien/TV / Heimkino / Blu-ray/Home Audio;1;
	LG;55SM5C-B.AEU; -  ; -  ;605KCKJ8S365; 55SM5C-B 55" Commercial Display ; -Bildschirmgröße: 55 " -Auflösung: 1,920 x 1,080 (FHD) -Helligkeit: 450 -Anschlüsse: HDMI, DP, DVI-D, RGB, Audio, SD card -Ausgaben: DP, Audio, External Speaker  -**90 Tage Übernahmegarantie** - **Vorführ / Messe / Demogerät**    ;Reveno; -  ;799,00;19%; 21 ; - ; https://images.cds-limes.com/LG/55SM5C-B.jpg ;/Preislistenproduktlinien/TV / Heimkino / Blu-ray/TV/LCD-LED-TV/55" Zoll;1;
	LG;OLED65W7V.AEU; -  ; -  ;708MAJM4M508; OLED65W7V 65" OLED TV ; - 65" TV - Auflösung 4K - LG OLED Hub - Multi HDR mit Dolby Vision   - ** Vorführ / Demo / Messegerät ** - ** 90 Tage Übernahmegarantie **    ;Reveno; -  ;3.769,00;19%; 33 ; - ; https://images.cds-limes.com/LG/Download (1).jpg ;/Preislistenproduktlinien/TV / Heimkino / Blu-ray/TV/LCD-LED-TV/65" Zoll;1;
	LG;OLED77W8PLA.AEU; -  ; -  ;807MABTAW981; OLED77W8PLA 77" OLED TV ; - 77" OLED  - 3.840 x 2.160 Pixel  - Smart TV  - DVB-S2 HD / DVB-C / DVB-T2  - 4 HDMI-Eingänge - LG ThinQ AI  - **90 Tage Übernahmegarantie** - **Vorführ / Messe / Demogerät**   ;Reveno; -  ;5.589,00;19%; 93 ; - ; https://images.cds-limes.com/LG/1100 (3).jpg ;/Preislistenproduktlinien/TV / Heimkino / Blu-ray/TV/LCD-LED-TV/77" Zoll;1;
	LG;32LH500D.SAMPLE; -  ; -  ;512TXMW00043; 32LH500D 32" LED LCD TV ; - Bildschirmdiagonale: 32 Zoll - Empfang: DVB-C, DVB-T - Auflösung: 1366 x 768 - Anschlüsse: HDMI x2, Component Video x1, USB x1 - Energieklasse A+  - **90 Tage Übernahmegarantie** - **Vorführ / Messe / Demogerät**   ;Primus; -  ;129,00;19%; 5 ; - ; https://images.cds-limes.com/LG/61Ap6DjTrzL._SL1024_.jpg ;/Preislistenproduktlinien/TV / Heimkino / Blu-ray/TV/LCD-LED-TV/32" Zoll;1;
	LG;43SM5C-B.AEU; -  ; -  ;704MALF8C800; 43SM5C-B 43" Commercial Display ; 1920 x 1080 Brightness (cd/m2): 450 Colour Depth (Num of Colours): 16.7M HDTV Formats: HDMI : 720p, 1080i, 1080p VESA Mounting: 200 x 200  - **90 Tage Übernahmegarantie** - **Vorführ / Messe / Demogerät**   ;Reveno; -  ;349,00;19%; 12 ; - ; https://images.cds-limes.com/LG/medium01.jpg ;/Preislistenproduktlinien/TV / Heimkino / Blu-ray/TV/LCD-LED-TV/43" Zoll;1;
	LG;HAN150; -  ; -  ;XHAN1502GWB2532; Xoro HAN 150 DVB-T/T2 Antenne  ; (UHF) mit externem Verstärker (LTE Filter, Neigbar, 1,5m Kabel) schwarz   ;Reveno; -  ;9,00;19%; 1 ; - ; https://images.cds-limes.com/LG/HAN_150.png ;/Preislistenproduktlinien/TV / Heimkino / Blu-ray/TV/TV-Zubehör;1;
	LG;HAN150; -  ; -  ;XHAN1502GWB1735; Xoro HAN 150 DVB-T/T2 Antenne  ; (UHF) mit externem Verstärker (LTE Filter, Neigbar, 1,5m Kabel) schwarz   ;Reveno; -  ;9,00;19%; 1 ; - ; https://images.cds-limes.com/LG/HAN_150.png ;/Preislistenproduktlinien/TV / Heimkino / Blu-ray/TV/TV-Zubehör;1;
	LG;HAN150; -  ; -  ;XHAN1502GWB1713; Xoro HAN 150 DVB-T/T2 Antenne  ; (UHF) mit externem Verstärker (LTE Filter, Neigbar, 1,5m Kabel) schwarz   ;Reveno; -  ;9,00;19%; 1 ; - ; https://images.cds-limes.com/LG/HAN_150.png ;/Preislistenproduktlinien/TV / Heimkino / Blu-ray/TV/TV-Zubehör;1;
	LG;HAN150; -  ; -  ;XHAN1502GWB2524; Xoro HAN 150 DVB-T/T2 Antenne  ; (UHF) mit externem Verstärker (LTE Filter, Neigbar, 1,5m Kabel) schwarz   ;Reveno; -  ;9,00;19%; 1 ; - ; https://images.cds-limes.com/LG/HAN_150.png ;/Preislistenproduktlinien/TV / Heimkino / Blu-ray/TV/TV-Zubehör;1;
	LG;HAN150; -  ; -  ;XHAN1502GWB2531; Xoro HAN 150 DVB-T/T2 Antenne  ; (UHF) mit externem Verstärker (LTE Filter, Neigbar, 1,5m Kabel) schwarz   ;Reveno; -  ;9,00;19%; 1 ; - ; https://images.cds-limes.com/LG/HAN_150.png ;/Preislistenproduktlinien/TV / Heimkino / Blu-ray/TV/TV-Zubehör;1;
	LG;HAN150; -  ; -  ;XHAN1502GWB2526; Xoro HAN 150 DVB-T/T2 Antenne  ; (UHF) mit externem Verstärker (LTE Filter, Neigbar, 1,5m Kabel) schwarz   ;Reveno; -  ;9,00;19%; 1 ; - ; https://images.cds-limes.com/LG/HAN_150.png ;/Preislistenproduktlinien/TV / Heimkino / Blu-ray/TV/TV-Zubehör;1;
	LG;HAN150; -  ; -  ;XHAN1502GWB3204; Xoro HAN 150 DVB-T/T2 Antenne  ; (UHF) mit externem Verstärker (LTE Filter, Neigbar, 1,5m Kabel) schwarz   ;Reveno; -  ;9,00;19%; 1 ; - ; https://images.cds-limes.com/LG/HAN_150.png ;/Preislistenproduktlinien/TV / Heimkino / Blu-ray/TV/TV-Zubehör;1;
	LG;HAN150; -  ; -  ;XHAN1502GWB0914; Xoro HAN 150 DVB-T/T2 Antenne  ; (UHF) mit externem Verstärker (LTE Filter, Neigbar, 1,5m Kabel) schwarz   ;Reveno; -  ;9,00;19%; 1 ; - ; https://images.cds-limes.com/LG/HAN_150.png ;/Preislistenproduktlinien/TV / Heimkino / Blu-ray/TV/TV-Zubehör;1;
	LG;HRT8719; -  ; -  ;XHRT87194GDB01022; Xoro HRT 8719 Full HD HEVC DVB-T/T2 Receiver ; Full HD HEVC DVB-T/T2 Receiver (H.265, HDTV, HDMI, kartenloses Irdeto-Zugangssystem für freenet TV, Mediaplayer, USB 2.0, 12V) schwarz   ;Reveno; -  ;25,00;19%; 1 ; - ; https://images.cds-limes.com/LG/hrt8719_front02_01.jpg ;/Preislistenproduktlinien/TV / Heimkino / Blu-ray/TV/TV-Zubehör;1;
	LG;HRT8719; -  ; -  ;XHRT87194GDB01364; Xoro HRT 8719 Full HD HEVC DVB-T/T2 Receiver ; Full HD HEVC DVB-T/T2 Receiver (H.265, HDTV, HDMI, kartenloses Irdeto-Zugangssystem für freenet TV, Mediaplayer, USB 2.0, 12V) schwarz   ;Reveno; -  ;25,00;19%; 1 ; - ; https://images.cds-limes.com/LG/hrt8719_front02_01.jpg ;/Preislistenproduktlinien/TV / Heimkino / Blu-ray/TV/TV-Zubehör;1;
	LG;HRT8719; -  ; -  ;XHRT87243GDB03652; Xoro HRT 8719 Full HD HEVC DVB-T/T2 Receiver ; Full HD HEVC DVB-T/T2 Receiver (H.265, HDTV, HDMI, kartenloses Irdeto-Zugangssystem für freenet TV, Mediaplayer, USB 2.0, 12V) schwarz   ;Primus; -  ;25,00;19%; 1 ; - ; https://images.cds-limes.com/LG/hrt8719_front02_01.jpg ;/Preislistenproduktlinien/TV / Heimkino / Blu-ray/TV/TV-Zubehör;1;
	LG;HRT8719; -  ; -  ;XHRT87243GDB03135; Xoro HRT 8719 Full HD HEVC DVB-T/T2 Receiver ; Full HD HEVC DVB-T/T2 Receiver (H.265, HDTV, HDMI, kartenloses Irdeto-Zugangssystem für freenet TV, Mediaplayer, USB 2.0, 12V) schwarz   ;Primus; -  ;25,00;19%; 1 ; - ; https://images.cds-limes.com/LG/hrt8719_front02_01.jpg ;/Preislistenproduktlinien/TV / Heimkino / Blu-ray/TV/TV-Zubehör;1;
	LG;HRT8719; -  ; -  ;XHRT87194GDB01262; Xoro HRT 8719 Full HD HEVC DVB-T/T2 Receiver ; Full HD HEVC DVB-T/T2 Receiver (H.265, HDTV, HDMI, kartenloses Irdeto-Zugangssystem für freenet TV, Mediaplayer, USB 2.0, 12V) schwarz   ;Reveno; -  ;25,00;19%; 1 ; - ; https://images.cds-limes.com/LG/hrt8719_front02_01.jpg ;/Preislistenproduktlinien/TV / Heimkino / Blu-ray/TV/TV-Zubehör;1;
	LG;HRT8719; -  ; -  ;XHRT87194GDB01249; Xoro HRT 8719 Full HD HEVC DVB-T/T2 Receiver ; Full HD HEVC DVB-T/T2 Receiver (H.265, HDTV, HDMI, kartenloses Irdeto-Zugangssystem für freenet TV, Mediaplayer, USB 2.0, 12V) schwarz   ;Reveno; -  ;25,00;19%; 1 ; - ; https://images.cds-limes.com/LG/hrt8719_front02_01.jpg ;/Preislistenproduktlinien/TV / Heimkino / Blu-ray/TV/TV-Zubehör;1;
	LG;HRT8719; -  ; -  ;XHRT87194GDB01337; Xoro HRT 8719 Full HD HEVC DVB-T/T2 Receiver ; Full HD HEVC DVB-T/T2 Receiver (H.265, HDTV, HDMI, kartenloses Irdeto-Zugangssystem für freenet TV, Mediaplayer, USB 2.0, 12V) schwarz   ;Reveno; -  ;25,00;19%; 1 ; - ; https://images.cds-limes.com/LG/hrt8719_front02_01.jpg ;/Preislistenproduktlinien/TV / Heimkino / Blu-ray/TV/TV-Zubehör;1;
	LG;T8.DEUSLLK; -  ; -  ;706HZAP129784; T8 Soundbar Accessary  ; - All-in-One Design - Eleganter Standfuß - Zubehör für die Soundbar SJ8 - kompatibel mit den OLED TVs C7/B7 (65 und 55 Zoll)  - **90 Tage Übernahmegarantie** - **Vorführ / Messe / Demogerät**   ;Reveno; -  ;39,00;19%; 2 ; - ; https://images.cds-limes.com/LG/T8_D01_27092017.jpg ;/Preislistenproduktlinien/TV / Heimkino / Blu-ray/TV/TV-Zubehör;1;
	LG;T8.DEUSLLK; -  ; -  ;703HZCS230019; T8 Soundbar Accessary  ; - All-in-One Design - Eleganter Standfuß - Zubehör für die Soundbar SJ8 - kompatibel mit den OLED TVs C7/B7 (65 und 55 Zoll)  - **90 Tage Übernahmegarantie** - **Vorführ / Messe / Demogerät**   ;Reveno; -  ;49,00;19%; 2 ; - ; https://images.cds-limes.com/LG/T8_D01_27092017.jpg ;/Preislistenproduktlinien/TV / Heimkino / Blu-ray/TV/TV-Zubehör;1;
	LG;T8.DEUSLLK; -  ; -  ;703HZYL215258; T8 Soundbar Accessary  ; - All-in-One Design - Eleganter Standfuß - Zubehör für die Soundbar SJ8 - kompatibel mit den OLED TVs C7/B7 (65 und 55 Zoll)  - **90 Tage Übernahmegarantie** - **Vorführ / Messe / Demogerät**   ;Reveno; -  ;49,00;19%; 2 ; - ; https://images.cds-limes.com/LG/T8_D01_27092017.jpg ;/Preislistenproduktlinien/TV / Heimkino / Blu-ray/TV/TV-Zubehör;1;
	LG;T8.DEUSLLK; -  ; -  ;706HZYL129674; T8 Soundbar Accessary  ; - All-in-One Design - Eleganter Standfuß - Zubehör für die Soundbar SJ8 - kompatibel mit den OLED TVs C7/B7 (65 und 55 Zoll)  - **90 Tage Übernahmegarantie** - **Vorführ / Messe / Demogerät**   ;Reveno; -  ;49,00;19%; 2 ; - ; https://images.cds-limes.com/LG/T8_D01_27092017.jpg ;/Preislistenproduktlinien/TV / Heimkino / Blu-ray/TV/TV-Zubehör;1;
	LG;T8.DEUSLLK; -  ; -  ;706HZQC129700; T8 Soundbar Accessary  ; - All-in-One Design - Eleganter Standfuß - Zubehör für die Soundbar SJ8 - kompatibel mit den OLED TVs C7/B7 (65 und 55 Zoll)  - **90 Tage Übernahmegarantie** - **Vorführ / Messe / Demogerät**   ;Reveno; -  ;49,00;19%; 2 ; - ; https://images.cds-limes.com/LG/T8_D01_27092017.jpg ;/Preislistenproduktlinien/TV / Heimkino / Blu-ray/TV/TV-Zubehör;1;
	LG;T8.DEUSLLK; -  ; -  ;706HZYL129770; T8 Soundbar Accessary  ; - All-in-One Design - Eleganter Standfuß - Zubehör für die Soundbar SJ8 - kompatibel mit den OLED TVs C7/B7 (65 und 55 Zoll)  - **90 Tage Übernahmegarantie** - **Vorführ / Messe / Demogerät**   ;Reveno; -  ;49,00;19%; 2 ; - ; https://images.cds-limes.com/LG/T8_D01_27092017.jpg ;/Preislistenproduktlinien/TV / Heimkino / Blu-ray/TV/TV-Zubehör;1;
	LG;T8.DEUSLLK; -  ; -  ;706HZFH129739; T8 Soundbar Accessary  ; - All-in-One Design - Eleganter Standfuß - Zubehör für die Soundbar SJ8 - kompatibel mit den OLED TVs C7/B7 (65 und 55 Zoll)  - **90 Tage Übernahmegarantie** - **Vorführ / Messe / Demogerät**   ;Reveno; -  ;49,00;19%; 2 ; - ; https://images.cds-limes.com/LG/T8_D01_27092017.jpg ;/Preislistenproduktlinien/TV / Heimkino / Blu-ray/TV/TV-Zubehör;1;
	LG;T8.DEUSLLK; -  ; -  ;706HZCS129795; T8 Soundbar Accessary  ; - All-in-One Design - Eleganter Standfuß - Zubehör für die Soundbar SJ8 - kompatibel mit den OLED TVs C7/B7 (65 und 55 Zoll)  - **90 Tage Übernahmegarantie** - **Vorführ / Messe / Demogerät**   ;Reveno; -  ;49,00;19%; 2 ; - ; https://images.cds-limes.com/LG/T8_D01_27092017.jpg ;/Preislistenproduktlinien/TV / Heimkino / Blu-ray/TV/TV-Zubehör;1;
	LG;T8.DEUSLLK; -  ; -  ;706HZWF129785; T8 Soundbar Accessary  ; - All-in-One Design - Eleganter Standfuß - Zubehör für die Soundbar SJ8 - kompatibel mit den OLED TVs C7/B7 (65 und 55 Zoll)  - **90 Tage Übernahmegarantie** - **Vorführ / Messe / Demogerät**   ;Reveno; -  ;49,00;19%; 2 ; - ; https://images.cds-limes.com/LG/T8_D01_27092017.jpg ;/Preislistenproduktlinien/TV / Heimkino / Blu-ray/TV/TV-Zubehör;1;
	LG;T8.DEUSLLK; -  ; -  ;706HZNX129783; T8 Soundbar Accessary  ; - All-in-One Design - Eleganter Standfuß - Zubehör für die Soundbar SJ8 - kompatibel mit den OLED TVs C7/B7 (65 und 55 Zoll)  - **90 Tage Übernahmegarantie** - **Vorführ / Messe / Demogerät**   ;Reveno; -  ;49,00;19%; 2 ; - ; https://images.cds-limes.com/LG/T8_D01_27092017.jpg ;/Preislistenproduktlinien/TV / Heimkino / Blu-ray/TV/TV-Zubehör;1;
	LG;SOUNDBAR.RACK15; -  ; -  ;LIM0002656; Soundbar Rack ; Soundbar Rack   ;Reveno; -  ;69,00;19%; 100 ; - ; - ;/Preislistenproduktlinien/TV / Heimkino / Blu-ray/TV/TV-Zubehör;1;
	LG;STB-5500.AEULLHX; -  ; -  ;612KKEB3N428; STB-5500 Set-top Box ; - Pro:Centric® Smart IPTV Platform - Embedded Pro:Idiom® decryption for non-Pro:Idiom TV's - IP Streaming and RF Tuning - Supports Ultra HD/4K (3840 x 2160) and Full HD (up to 1080p) output resolutions - Pro:Centric Application Support for non-Pro:Centric TVs  - **90 Tage Übernahmegarantie** - **Vorführ / Messe / Demogerät**   ;Reveno; -  ;109,00;19%; 1 ; - ; https://images.cds-limes.com/LG/STB-5500.jpg ;/Preislistenproduktlinien/TV / Heimkino / Blu-ray/TV/TV-Zubehör;1;
	LG;ST-491X.SAMPLE; -  ; -  ;ST-491X001; ST-491X Commercial Monitor Stand ; - Abmessungen : 62.0 x 113.7 x 302.0 (W x L x H) - Gewicht : 0.8Kg (0.4kg/Unit) - für folgende Produkte : 32WL30 - ** Vorführ / Demo / Messegerät **  - ** 90 Tage Übernahmegarantie **   ;Reveno; -  ;19,00;19%; 60 ; - ; - ;/Preislistenproduktlinien/IT-Produkte/Info-Display/Zubehör;1;
	LG;ST-432T.AL; -  ; -  ;603TBZZ00022; ST-432T.AL Commcerial Monitor Standfuss ; - für folgende Modelle: 43SE3(K)B 43SM3B 43SM5(K)B 43SL5B  - Farbe: Schwarz - ** Vorführ / Demo / Messegerät ** - ** 90 Tage Übernahmegarantie **   ;Reveno; -  ;41,18;19%; 4 ; - ; https://images.cds-limes.com/LG/lg-commercial-widescreen-monitor-st-320t-zoom02.jpg ;/Preislistenproduktlinien/IT-Produkte/Info-Display/Zubehör;1;
	LG;KT-OPSA.ALX; -  ; -  ;412YJSY2P214; KT-OPSA.ALX Commercial_Monitor Board ; - KT-OPSA - OPS Montageset - Entwickelt für LG 42LS75A-5B - OPS-KOMPATIBILITÄT - Mit dem OPS Kit ist es möglich einen OPS-Player anzuschließen. Sie bleiben also bei der Wahl eines externen Mediaplayers jederzeit flexibel, sofern er mit den OPS Kit kompatibel ist. - ** Vorführ- / Demo- / Messegerät ** - ** 90 Tage Übernahmegarantie **   ;Reveno; -  ;49,58;19%; 5 ; - ; https://images.cds-limes.com/LG/KT-OPSA.jpg ;/Preislistenproduktlinien/IT-Produkte/Info-Display/Zubehör;1;
	LG;CBV42-B.AEU; -  ; -  ;306NDFV3C203; CBV42-B Zero Client Box ; - Zero Client Box zur Desktop-Virtualisierung  - 6x USB 2.0-Anschlüssen - VMware View  - 512 MB Arbeitsspeicher - Farbdarstellung 16,7 Mio. - Maximale Auflösung 1.920 x 1.200 - Eingangsbuchsee: 15 Pin D-Sub, 2 x USB 2.0 für Tastatur und Maus, 4 x USB, Mikrofoneingang - Weitere Anschlüsse: Netzwerkanschluss RJ45 - ** Vorführ / Demo / Messegerät ** - ** 90 Tage Übernahmegarantie **   ;Reveno; -  ;79,00;19%; 1 ; - ; https://images.cds-limes.com/LG/CBV42-B.jpg ;/Preislistenproduktlinien/IT-Produkte/Info-Display/Zubehör;1;
	LG;CBV42-B.AEU; -  ; -  ;306NDJX3C204; CBV42-B Zero Client Box ; - Zero Client Box zur Desktop-Virtualisierung  - 6x USB 2.0-Anschlüssen - VMware View  - 512 MB Arbeitsspeicher - Farbdarstellung 16,7 Mio. - Maximale Auflösung 1.920 x 1.200 - Eingangsbuchsee: 15 Pin D-Sub, 2 x USB 2.0 für Tastatur und Maus, 4 x USB, Mikrofoneingang - Weitere Anschlüsse: Netzwerkanschluss RJ45 - ** Vorführ / Demo / Messegerät ** - ** 90 Tage Übernahmegarantie **   ;Reveno; -  ;79,00;19%; 1 ; - ; https://images.cds-limes.com/LG/CBV42-B.jpg ;/Preislistenproduktlinien/IT-Produkte/Info-Display/Zubehör;1;
	LG;STB-3000.AEU; -  ; -  ;502KKZQ86621; STB-3000 Set-top Box ; - Supports HTML5, Java, Flash - Web Browser, Embedded Smart Apps - Embedded Pro:Idiom® decryption - Output Resolution: 720p/1080p/1366*768 - ** Vorführ / Demo / Messegerät **  - ** 90 Tage Übernahmegarantie **   ;Reveno; -  ;100,00;19%; 1 ; - ; https://images.cds-limes.com/LG/PHTO_STB-3000_front.jpg ;/Preislistenproduktlinien/IT-Produkte/Info-Display/Zubehör;1;
	LG;KT-T650.AL; -  ; -  ;506NOZZ00074; KT-T650 Overlay für 65LS33A Commercial Displays ; - 65" (1.428 x 803) - Windows 7, Windows 8 / Mac OS X (10.7 or later) / Android / Linux (Kernel 3.9 or later) - IR(Infrared Rays) Spread - USB EIngang - 58.5" x 33.8" x 0.9" (Max 2.4") - ** Vorführ / Demo / Messegerät ** - ** 90 Tage Übernahmegarantie **   ;Reveno; -  ;209,24;19%; 19 ; - ; https://images.cds-limes.com/LG/KT-T650.jpg ;/Preislistenproduktlinien/IT-Produkte/Info-Display/Zubehör;1;
	LG;20074289; -  ; -  ;LG1815284505330; M Public Floorstand - mobile Stele inkl. Ablage ; - Mobiler LCD-Standfuß / Trolley für Einzeldisplay - Für Displays von 32-65" / 81-165 cm - Befestigungsbereich VESA max. 700x400 - Höhe min/max: 1200-1500 mm - Höhe über Raststufen an Säulen verstellbar (Feder-Bolzen) - Rollen inkl. feststellbarer Bremse - Display montierbar in Portrait- oder Landscape Format (bei Portrait abhängig von der Displaygröße) - Extrem simpler Aufbau - Traglast max.: 50 kg - Eigengewicht: 16,5 kg - inkl. komplettem Befestigungsmaterial - Farbe: Schwarz   ;Reveno; -  ;219,00;19%; 17 ; - ; - ;/Preislistenproduktlinien/IT-Produkte/Info-Display/Zubehör;1;
	LG;20074289; -  ; -  ;LG1815284505331; M Public Floorstand - mobile Stele inkl. Ablage ; - Mobiler LCD-Standfuß / Trolley für Einzeldisplay - Für Displays von 32-65" / 81-165 cm - Befestigungsbereich VESA max. 700x400 - Höhe min/max: 1200-1500 mm - Höhe über Raststufen an Säulen verstellbar (Feder-Bolzen) - Rollen inkl. feststellbarer Bremse - Display montierbar in Portrait- oder Landscape Format (bei Portrait abhängig von der Displaygröße) - Extrem simpler Aufbau - Traglast max.: 50 kg - Eigengewicht: 16,5 kg - inkl. komplettem Befestigungsmaterial - Farbe: Schwarz   ;Reveno; -  ;219,00;19%; 17 ; - ; - ;/Preislistenproduktlinien/IT-Produkte/Info-Display/Zubehör;1;
	LG;20074289; -  ; -  ;LG1815284505332; M Public Floorstand - mobile Stele inkl. Ablage ; - Mobiler LCD-Standfuß / Trolley für Einzeldisplay - Für Displays von 32-65" / 81-165 cm - Befestigungsbereich VESA max. 700x400 - Höhe min/max: 1200-1500 mm - Höhe über Raststufen an Säulen verstellbar (Feder-Bolzen) - Rollen inkl. feststellbarer Bremse - Display montierbar in Portrait- oder Landscape Format (bei Portrait abhängig von der Displaygröße) - Extrem simpler Aufbau - Traglast max.: 50 kg - Eigengewicht: 16,5 kg - inkl. komplettem Befestigungsmaterial - Farbe: Schwarz   ;Reveno; -  ;219,00;19%; 17 ; - ; - ;/Preislistenproduktlinien/IT-Produkte/Info-Display/Zubehör;1;
	LG;20074289; -  ; -  ;LG1815284505333; M Public Floorstand - mobile Stele inkl. Ablage ; - Mobiler LCD-Standfuß / Trolley für Einzeldisplay - Für Displays von 32-65" / 81-165 cm - Befestigungsbereich VESA max. 700x400 - Höhe min/max: 1200-1500 mm - Höhe über Raststufen an Säulen verstellbar (Feder-Bolzen) - Rollen inkl. feststellbarer Bremse - Display montierbar in Portrait- oder Landscape Format (bei Portrait abhängig von der Displaygröße) - Extrem simpler Aufbau - Traglast max.: 50 kg - Eigengewicht: 16,5 kg - inkl. komplettem Befestigungsmaterial - Farbe: Schwarz   ;Reveno; -  ;219,00;19%; 17 ; - ; - ;/Preislistenproduktlinien/IT-Produkte/Info-Display/Zubehör;1;
	LG;20074289; -  ; -  ;LG1815284505334; M Public Floorstand - mobile Stele inkl. Ablage ; - Mobiler LCD-Standfuß / Trolley für Einzeldisplay - Für Displays von 32-65" / 81-165 cm - Befestigungsbereich VESA max. 700x400 - Höhe min/max: 1200-1500 mm - Höhe über Raststufen an Säulen verstellbar (Feder-Bolzen) - Rollen inkl. feststellbarer Bremse - Display montierbar in Portrait- oder Landscape Format (bei Portrait abhängig von der Displaygröße) - Extrem simpler Aufbau - Traglast max.: 50 kg - Eigengewicht: 16,5 kg - inkl. komplettem Befestigungsmaterial - Farbe: Schwarz   ;Reveno; -  ;219,00;19%; 17 ; - ; - ;/Preislistenproduktlinien/IT-Produkte/Info-Display/Zubehör;1;
	LG;20074289; -  ; -  ;LG1815284505335; M Public Floorstand - mobile Stele inkl. Ablage ; - Mobiler LCD-Standfuß / Trolley für Einzeldisplay - Für Displays von 32-65" / 81-165 cm - Befestigungsbereich VESA max. 700x400 - Höhe min/max: 1200-1500 mm - Höhe über Raststufen an Säulen verstellbar (Feder-Bolzen) - Rollen inkl. feststellbarer Bremse - Display montierbar in Portrait- oder Landscape Format (bei Portrait abhängig von der Displaygröße) - Extrem simpler Aufbau - Traglast max.: 50 kg - Eigengewicht: 16,5 kg - inkl. komplettem Befestigungsmaterial - Farbe: Schwarz   ;Reveno; -  ;219,00;19%; 17 ; - ; - ;/Preislistenproduktlinien/IT-Produkte/Info-Display/Zubehör;1;
	LG;20074289; -  ; -  ;LG1815284505336; M Public Floorstand - mobile Stele inkl. Ablage ; - Mobiler LCD-Standfuß / Trolley für Einzeldisplay - Für Displays von 32-65" / 81-165 cm - Befestigungsbereich VESA max. 700x400 - Höhe min/max: 1200-1500 mm - Höhe über Raststufen an Säulen verstellbar (Feder-Bolzen) - Rollen inkl. feststellbarer Bremse - Display montierbar in Portrait- oder Landscape Format (bei Portrait abhängig von der Displaygröße) - Extrem simpler Aufbau - Traglast max.: 50 kg - Eigengewicht: 16,5 kg - inkl. komplettem Befestigungsmaterial - Farbe: Schwarz   ;Reveno; -  ;219,00;19%; 17 ; - ; - ;/Preislistenproduktlinien/IT-Produkte/Info-Display/Zubehör;1;
	LG;KT-T430.AL; -  ; -  ;506NOZZ00013; KT-T430 Touch Overlay für Commercial Display ; - 43" (1.428 x 803) - Kompartibel: 43SE3B, 43SM5B, 43SE3KB, 43SM5KB, 43SM3B, 43SL5B - Schutzglasdicke: 2.8T (Blendschutz) - USB Anschluss - 39.3" x 23.1" x 0.9"  - ** Vorführ / Demo / Messegerät ** - ** 90 Tage Übernahmegarantie **   ;Reveno; -  ;599,00;19%; 12 ; - ; https://images.cds-limes.com/LG/KT-T430.jpg ;/Preislistenproduktlinien/IT-Produkte/Info-Display/Zubehör;1;
	LG;CK99.DPERPV; -  ; -  ;803HZMY010579; LG XBOOM CK99 ; - 5000 Watts - Blast Horn - Compression Horn - Pro DJ - Crossfader - Rear Light Show  - **90 Tage Übernahmegarantie** - **Vorführ / Messe / Demogerät**   ;Reveno; -  ;599,00;19%; 25 ; - ; https://images.cds-limes.com/LG/CK99.DPERPV.jpg ;/Preislistenproduktlinien/IT-Produkte/Info-Display/Zubehör;1;
	LG;KT-T550.AL; -  ; -  ;508NOZZ00376; KT-T550.AL Touch Overlay Commercial Display ; - 55" - Multi-Touch with Slim Bezel - 10 Point Multi-Touch - Ghost-Free Touch - Overlay Touch  - **90 Tage Übernahmegarantie** - **Vorführ / Messe / Demogerät**   ;Reveno; -  ;799,00;19%; 14 ; - ; https://images.cds-limes.com/LG/Large01 (1).jpg ;/Preislistenproduktlinien/IT-Produkte/Info-Display/Zubehör;1;
	LG;PCS200R.AEU; -  ; -  ;412GMZZ00010; PCS200R Pro:Centric Server ; - Simple InstallationMinimal  - Head-End Rack-Space - High Reliability - *New* Supports PCA Pro:Centric Application (PCA) V3.0  - **90 Tage Übernahmegarantie** - **Vorführ / Messe / Demogerät**   ;Reveno; -  ;1.259,00;19%; 3 ; - ; https://images.cds-limes.com/LG/lg-commercial-pcs200r-zoom01.jpg ;/Preislistenproduktlinien/IT-Produkte/Info-Display/Zubehör;1;
	LG;43LW340C.AEUWLHX; -  ; -  ;603KCRN6D670; 43LW340C 43" Direct LED Commercial Display Lite Integrated HDTV ; - Panel Technologie: Direct LED - Auflösung: 1920x1080 (FHD) - Helligkeit: 300cd/m2 - Reaktionszeit: 9ms (G to G) - Anschlüsse: LAN Port, HDMI, USB (2.0), RGB In, RS232C - VESA: 200mm x 200mm - ** Vorführ / Demo / Messegerät ** - ** 90 Tage Übernahmegarantie **   ;Reveno; -  ;249,00;19%; 15 ; - ; https://images.cds-limes.com/LG/43LW340C.jpg ;/Preislistenproduktlinien/IT-Produkte/Info-Display/über 32" Zoll;1;
	LG;43LW540S.AEU; -  ; -  ;612MAKR0J341; 43LW540S 43" Commercial Display ; - Direct LED 43" - 1,920 x 1,080 (FHD) - 8 modes (16:9, Just Scan, Original, Full Wide, 4:3, 14:9, Cinema Zoom 1, Zoom)  - **90 Tage Übernahmegarantie** - **Vorführ / Messe / Demogerät**   ;Reveno; -  ;319,00;19%; 15 ; - ; https://images.cds-limes.com/LG/27BK550Y-B_6st-Desktop.jpg ;/Preislistenproduktlinien/IT-Produkte/Info-Display/über 32" Zoll;1;
	LG;47WV30-BAA.AEU; -  ; -  ;201MAPN55888; 47WV30-BAA 47" Commercial LCD Monitor (MFT Wide) ; - Panel Technology: IPS - LCD Panel Type: 47” class - Reaktionszeit: 8ms (G to G) - Auflösung: 1366 x 768 (HD) - Bildformat: 16:9 - Helligkeit:	800cd/m² - Hard Coating (3H), Anti-glare - Anschlüsse: DVI, HDMI/DVI with HDCP - ** Vorführ / Demo / Messegerät **  - ** 90 Tage Übernahmegarantie **   ;Reveno; -  ;359,00;19%; 30 ; - ; https://images.cds-limes.com/LG/47WV30-BAA.jpg ;/Preislistenproduktlinien/IT-Produkte/Info-Display/über 32" Zoll;1;
	LG;55LV75A-7B.AEU; 10 ; -  ;410MABT71165; 55LV75A-7B 55" Digital Signage Video Wall Display ; - Bildschirmdiagonale 139,7cm / 55 Zoll - Auflösung: 1920x1080 (FHD) - Bildschirmformat: 16:9 - Helligkeit: 500cd/qm - Kontrast: 1400:1 (statisch), 500000:1 (dynamisch) - Reaktionszeit: 12ms - Blickwinkel: 178°/178°  - Panel: IPS  - Anschlüsse: 2x VGA, DVI HDMI, 2x DisplayPort, Komponenten, 2x seriell, LAN, USB  - VESA: 600x400 - *** Sachmangel: Tiefer großer Kratzer oben mittig auf dem Display und Rahmen mittig eingedrückt *** - ** Vorführ / Demo / Messegerät ** - ** 90 Tage Übernahmegarantie **     ;Reveno; -  ;499,00;19%; 23 ; - ; https://images.cds-limes.com/LG/55LV75A-7B.jpg ;/Preislistenproduktlinien/IT-Produkte/Info-Display/über 32" Zoll;1;
	LG;86BH5C-B.AEU; -  ; -  ;605KCPY5P912; 86BH5C-B 86" Commercial Display ; Maße: 230 x 48 x 23 cm Bildschirmdiagonale 86" Bildformat 58:9 Native Auflösung 3.840 x 600 (UHD) Helligkeit typ.: 500 cd/m2 Kontrastverhältnis 1.100:1 (typ.) Ausrichtung Quer-/Hochformat VESA(TM) Montage Standard 600 x 200 mm  - **90 Tage Übernahmegarantie** - **Vorführ / Messe / Demogerät**   ;Reveno; -  ;2.799,00;19%; 21 ; - ; https://images.cds-limes.com/LG/lg-86BH5C_02-zoom-750x480.jpg ;/Preislistenproduktlinien/IT-Produkte/Info-Display/über 32" Zoll;1;
	LG;75XF3C-B.AEUGLHX; -  ; -  ;606KCHE55889; 75XF3C-B 75" Commercial Display / Open Frame Display (keine Rückwand) ; - Brightness : 3,000 cd/m2 (Typ.) - Life Time : 50,000 hours - Bezel : 12.8 mm(Even bezel) - Depth : 123.9 mm - Interface : HDMI (2) / DP / DVI / RJ45 / IR / RS232C / USB / External speaker out (L/R)  - **90 Tage Übernahmegarantie** - **Vorführ / Messe / Demogerät**   ;Reveno; -  ;3.299,00;19%; 35 ; - ; https://images.cds-limes.com/LG/G_L_940x620_.jpg ;/Preislistenproduktlinien/IT-Produkte/Info-Display/über 32" Zoll;1;
	LG;84WT70PS-B.AEU; -  ; -  ;405KCCV1T083; 84WT70PS-B 84" ULTRA HD MULTI-TOUCH SIGNAGE ; - Bildschirmdiagonale: 213 cm / 84 Zoll - Bildschirmformat: 16:9 - Auflösung: 3840 x 2160 - Anzeigeformat: 4K UHDTV (2160p) - Vesa: 600 x 400 - ** Vorführ-/ Demo-/ Messegerät ** - ** 90 Tage Übernahmegarantie **    ;Reveno; -  ;4.999,00;19%; 100 ; - ; https://images.cds-limes.com/LG/84WT70PS-B.AEU.jpg ;/Preislistenproduktlinien/IT-Produkte/Info-Display/über 32" Zoll;1;
	LG;10SM3TB-B.AEU; -  ; -  ;606NTUW4L814; 10SM3TB-B 10" Small Signage Display ; - Bildschirmgröße: 10 (10.1") - Seitenverhältnis: 16 : 9 - Auflösung: 1,280 x 800 (HD) - Helligkeit: Module : 450cd/m2, SET : 400cd/m2 (W/Touch) - Kontrast: 	900 : 1 - VESA: 50mm x 50mm - ** Vorführ / Demo / Messegerät ** - ** 90 Tage Übernahmegarantie **   ;Reveno; -  ;189,00;19%; 1 ; - ; https://images.cds-limes.com/LG/10SM3TB-B.jpg ;/Preislistenproduktlinien/IT-Produkte/Info-Display/bis 32" Zoll;1;
	LG;10SM3TB-B.AEU; -  ; -  ;604NTRL9R894; 10SM3TB-B 10" Small Signage Display ; - Bildschirmgröße: 10 (10.1") - Seitenverhältnis: 16 : 9 - Auflösung: 1,280 x 800 (HD) - Helligkeit: Module : 450cd/m2, SET : 400cd/m2 (W/Touch) - Kontrast: 	900 : 1 - VESA: 50mm x 50mm - ** Vorführ / Demo / Messegerät ** - ** 90 Tage Übernahmegarantie **   ;Reveno; -  ;189,00;19%; 1 ; - ; https://images.cds-limes.com/LG/10SM3TB-B.jpg ;/Preislistenproduktlinien/IT-Produkte/Info-Display/bis 32" Zoll;1;
	LG;10SM3TB-B.AEU; -  ; -  ;703NTSU0J630; 10SM3TB-B 10" Small Signage Display ; - Bildschirmgröße: 10 (10.1") - Seitenverhältnis: 16 : 9 - Auflösung: 1,280 x 800 (HD) - Helligkeit: Module : 450cd/m2, SET : 400cd/m2 (W/Touch) - Kontrast: 	900 : 1 - VESA: 50mm x 50mm - ** Vorführ / Demo / Messegerät ** - ** 90 Tage Übernahmegarantie **   ;Reveno; -  ;189,00;19%; 1 ; - ; https://images.cds-limes.com/LG/10SM3TB-B.jpg ;/Preislistenproduktlinien/IT-Produkte/Info-Display/bis 32" Zoll;1;
	LG;10SE3E-B.SAMPLE; -  ; -  ;711NTXR9U810; 10SE3E-B 10" Commercial Display ; - Helligkeit (Typ.): 400 cd/m² - Bezel: 14 mm (T/B/R/L, Even bezel) - Tiefe: 29.7 mm - Interface : HDMI, USB, RJ45, Built-in IR - Special Features : Power over Ethernet, Built-in Wi-Fi, USB Auto Playback - ** Vorführ / Demo / Messegerät **  - ** 90 Tage Übernahmegarantie **    ;Reveno; -  ;199,00;19%; 2 ; - ; https://images.cds-limes.com/LG/10SE3E-B.SAMPLE.jpg ;/Preislistenproduktlinien/IT-Produkte/Info-Display/bis 32" Zoll;1;
	LG;32LW55A-5B.AEU; 10 ; -  ;504KCSF11374; 32LW55A-5B 32" Transparentdisplay ; - Full HD (1.920 x 1.080) - Breiter Farbbereich, Echtfarben - Hoch- & Querformat - Betrieb 24 Stunden pro Tag und 7 Tage pro Woche - ** Sachmangel: Kratzer am Rahmen auf der Frontseite ** - ** Vorführ / Demo / Messegerät ** - ** 90 Tage Übernahmegarantie **   ;Reveno; -  ;289,00;19%; 4 ; - ; https://images.cds-limes.com/LG/32LW55A-5B.AEU.jpg ;/Preislistenproduktlinien/IT-Produkte/Info-Display/bis 32" Zoll;1;
	LG;GP50NW40.AUAE11B; -  ; -  ;711HPVK066303; GP50NW40 Portabler DVD-Brenner  ; - USB 2.0 Schnittstelle - alle zur Zeit gängigen Brennformate (DVD-R, DVD-RW, DVD+R, DVD+RW, DVD-RAM) DVD+R Double und DVD-R Dual Layer Medien - Farbe: Weiß - ** Vorführ / Demo / Messegerät ** - ** 90 Tage Übernahmegarantie **   ;Reveno; -  ;19,00;19%; 1 ; - ; https://images.cds-limes.com/LG/GP50NW40.AUAE11B.jpg ;/Preislistenproduktlinien/IT-Produkte/Optische Laufwerke;1;
	LG;27BK550Y-B.AEU; -  ; -  ;702NTEP6K772; 27BK550Y-B 27" Monitor ; - 27" Class (27" diag) - 1920 x 1080 - Reaktionszeit 5ms´  - **90 Tage Übernahmegarantie** - Vorführ \ Messe \ Demogerät   ;Reveno; -  ;129,00;19%; 7 ; - ; https://images.cds-limes.com/LG/27BK550Y-B_1st-Desktop.jpg ;/Preislistenproduktlinien/IT-Produkte/TFT LCD-LED-Monitore/27" Zoll;1;
	LG;27BK550Y-B.AEU; -  ; -  ;702NTMX2H395; 27BK550Y-B 27" Monitor ; - 27" Class (27" diag) - 1920 x 1080 - Reaktionszeit 5ms´  - **90 Tage Übernahmegarantie** - Vorführ \ Messe \ Demogerät   ;Reveno; -  ;129,00;19%; 7 ; - ; https://images.cds-limes.com/LG/27BK550Y-B_1st-Desktop.jpg ;/Preislistenproduktlinien/IT-Produkte/TFT LCD-LED-Monitore/27" Zoll;1;
	LG;27BK550Y-B.AEU; -  ; -  ;702NTUW2H398; 27BK550Y-B 27" Monitor ; - 27" Class (27" diag) - 1920 x 1080 - Reaktionszeit 5ms´  - **90 Tage Übernahmegarantie** - Vorführ \ Messe \ Demogerät   ;Reveno; -  ;129,00;19%; 7 ; - ; https://images.cds-limes.com/LG/27BK550Y-B_1st-Desktop.jpg ;/Preislistenproduktlinien/IT-Produkte/TFT LCD-LED-Monitore/27" Zoll;1;
	LG;27BK750Y-B.AEU; -  ; -  ;709NTNH4P455; 27BK750Y-B 27" Monitor ; - 27“ class (27” diagonal) - 1920 x 1080 - Reaktionszeit 5ms  - **90 Tage Übernahmegarantie** - Vorführ / Messe / Demogerät   ;Reveno; -  ;149,00;19%; 8 ; - ; https://images.cds-limes.com/LG/md05809781-350x350.jpg ;/Preislistenproduktlinien/IT-Produkte/TFT LCD-LED-Monitore/27" Zoll;1;
	LG;27QD58P-B.AEU; -  ; -  ;711NTLEB9568; 27QD58P-B 27" Monitor LCD ; - 27 Zoll  - 2.560 x 1.440 Pixel  - AH-IPS 60 Hz  - 5 ms  - 16:9  - 1.000:1  - Helligkeit 250 cd/m²  - HDMI / Display Port  - mit Lautsprecher  - **90 Tage Übernahmegarantie** - Vorführ \ Messe \ Demogerät   ;Reveno; -  ;179,00;19%; 8 ; - ; https://images.cds-limes.com/LG/small01.jpg ;/Preislistenproduktlinien/IT-Produkte/TFT LCD-LED-Monitore/27" Zoll;1;
	LG;43UV661H.AEUYLHX; -  ; -  ;709KCMRLZ635; 43UV661H 43" Commercial Display ; - LED  - 3.840 x 2.160 Pixel  - Smart TV 43 Zoll  - HDMI Eingänge 2  - VESA-Norm 200 x 200  - **90 Tage Übernahmegarantie** - **Vorführ / Messe / Demogerät**   ;Reveno; -  ;379,00;19%; 14 ; - ; https://images.cds-limes.com/LG/43UV661H.AEUYLHX.jpg ;/Preislistenproduktlinien/IT-Produkte/TFT LCD-LED-Monitore/43" Zoll;1;
	LG;22BK55WD-B.AEU; -  ; -  ;703NTNHAZ951; 22BK55WD-B 22" Monitor ; - Größe: 22 Zoll Diagonale - Auflösung: 1680 x 1050 - Bildschirm-Typ: LED - Schnittstellen-Typ: DVI, VGA - Funktion: Mit Lautsprechern, IPS-Panel  - **90 Tage Übernahmegarantie** - **Vorführ / Messe / Demogerät**   ;Reveno; -  ;65,00;19%; 6 ; - ; https://images.cds-limes.com/LG/Global_22MB65PY_2017_Gallery_350x350.jpg ;/Preislistenproduktlinien/IT-Produkte/TFT LCD-LED-Monitore/22" Zoll;1;
	LG;22BK55WD-B.AEU; -  ; -  ;703NTWGAZ953; 22BK55WD-B 22" Monitor ; - Größe: 22 Zoll Diagonale - Auflösung: 1680 x 1050 - Bildschirm-Typ: LED - Schnittstellen-Typ: DVI, VGA - Funktion: Mit Lautsprechern, IPS-Panel  - **90 Tage Übernahmegarantie** - **Vorführ / Messe / Demogerät**   ;Reveno; -  ;65,00;19%; 6 ; - ; https://images.cds-limes.com/LG/Global_22MB65PY_2017_Gallery_350x350.jpg ;/Preislistenproduktlinien/IT-Produkte/TFT LCD-LED-Monitore/22" Zoll;1;
	LG;22BK55WD-B.AEU; -  ; -  ;703NTJJAZ956; 22BK55WD-B 22" Monitor ; - Größe: 22 Zoll Diagonale - Auflösung: 1680 x 1050 - Bildschirm-Typ: LED - Schnittstellen-Typ: DVI, VGA - Funktion: Mit Lautsprechern, IPS-Panel  - **90 Tage Übernahmegarantie** - **Vorführ / Messe / Demogerät**   ;Reveno; -  ;65,00;19%; 6 ; - ; https://images.cds-limes.com/LG/Global_22MB65PY_2017_Gallery_350x350.jpg ;/Preislistenproduktlinien/IT-Produkte/TFT LCD-LED-Monitore/22" Zoll;1;
	LG;22BK55WD-B.AEU; -  ; -  ;703NTEPAZ948; 22BK55WD-B 22" Monitor ; - Größe: 22 Zoll Diagonale - Auflösung: 1680 x 1050 - Bildschirm-Typ: LED - Schnittstellen-Typ: DVI, VGA - Funktion: Mit Lautsprechern, IPS-Panel  - **90 Tage Übernahmegarantie** - **Vorführ / Messe / Demogerät**   ;Reveno; -  ;69,00;19%; 6 ; - ; https://images.cds-limes.com/LG/Global_22MB65PY_2017_Gallery_350x350.jpg ;/Preislistenproduktlinien/IT-Produkte/TFT LCD-LED-Monitore/22" Zoll;1;
	LG;24BK55WY-B.AEU; -  ; -  ;703NTVSGV855; 24BK55WY-B 24" Monitor ; Größe: 24 Zoll Diagonale Auflösung: 1920 x 1080 Bildschirm-Typ: LED Schnittstellen-Typ: HDMI, DisplayPort, DVI, VGA Funktion: Mit Lautsprechern, IPS-Panel  - **90 Tage Übernahmegarantie** - **Vorführ / Messe / Demogerät**   ;Reveno; -  ;139,00;19%; 6 ; - ; https://images.cds-limes.com/LG/22MB65PY-Desk01_170918.jpg ;/Preislistenproduktlinien/IT-Produkte/TFT LCD-LED-Monitore/24" Zoll;1;
	LG;16BL1D-B.AEUMLHX; -  ; -  ;612KKRTK0038; 16BL1D-B 16'' Digital Signage Stretch Monitor ; Stretch Monitor   ;Reveno; -  ;69,00;19%; 3 ; - ; - ;/Preislistenproduktlinien/IT-Produkte/TFT LCD-LED-Monitore/16" Zoll;1;
	LG;16BL1D-B.AEUMLHX; -  ; -  ;612KKAJK0056; 16BL1D-B 16'' Digital Signage Stretch Monitor ; Stretch Monitor   ;Reveno; -  ;69,00;19%; 3 ; - ; - ;/Preislistenproduktlinien/IT-Produkte/TFT LCD-LED-Monitore/16" Zoll;1;
	LG;16BL1D-B.AEUMLHX; -  ; -  ;612KKGXK0047; 16BL1D-B 16'' Digital Signage Stretch Monitor ; Stretch Monitor   ;Reveno; -  ;69,00;19%; 3 ; - ; - ;/Preislistenproduktlinien/IT-Produkte/TFT LCD-LED-Monitore/16" Zoll;1;
	LG;S3WERB.ALWQWEU; 21 ; -  ;607KWTA0B841; S3WERB.ALWQWEU Styler weiß ; - TrueSteam™ (Dampf-Funktion) - Wärmepumpentechnologie - Tag On NFC Funktion - Smart Diagnosis™(telefonische Fehlerdiagnose) - LED Innenbeleuchtung  - **Das Gerät ist stark beschädigt und weist starke Gebrauchsspuren und Schurfstellen auf der rechten und linken Seite** - ** Vorführ / Demo / Messegerät ** - ** 90 Tage Übernahmegarantie **   ;Reveno; -  ;799,00;19%; 85 ; - ; https://images.cds-limes.com/LG/bbDesktop_01.jpg ;/Preislistenproduktlinien/Haushaltsgeräte/Styler;1;
	LG;S3RERB.ALBQWEU; 17 ; -  ;512KWJU54004; S3RERB Clothes Styler Built In ; - TrueSteam™ (Dampf-Funktion) - Wärmepumpentechnologie - Tag On NFC Funktion - Smart Diagnosis™(telefonische Fehlerdiagnose) - LED Innenbeleuchtung  - **tarke Dellen, Macken und Schürfstellen an den Seiten und auch an der Kante zur Rückseite** - ** Vorführ / Demo / Messegerät ** - ** 90 Tage Übernahmegarantie **   ;Reveno; -  ;829,00;19%; 85 ; - ; https://images.cds-limes.com/LG/Unbenannt.png ;/Preislistenproduktlinien/Haushaltsgeräte/Styler;1;
	LG;S3WERB.ALWQWEU; 19 ; -  ;607KWYP6Y482; S3WERB.ALWQWEU Styler weiß ; - TrueSteam™ (Dampf-Funktion) - Wärmepumpentechnologie - Tag On NFC Funktion - Smart Diagnosis™(telefonische Fehlerdiagnose) - LED Innenbeleuchtung  - **starke und viele Kratzer an der rechten und linken Seite. Delle hinten. Blende links leicht verbogen** - ** Vorführ / Demo / Messegerät ** - ** 90 Tage Übernahmegarantie **   ;Reveno; -  ;829,00;19%; 85 ; - ; https://images.cds-limes.com/LG/bbDesktop_01.jpg ;/Preislistenproduktlinien/Haushaltsgeräte/Styler;1;
	LG;S3RERB.ALBQWEU; 18 ; -  ;512KWLR53992; S3RERB Clothes Styler Built In ; - TrueSteam™ (Dampf-Funktion) - Wärmepumpentechnologie - Tag On NFC Funktion - Smart Diagnosis™(telefonische Fehlerdiagnose) - LED Innenbeleuchtung  - **Gebrauchsspuren und Dellen an der rechten Seite und auch im Innenraum des Gerätes** - ** Vorführ / Demo / Messegerät ** - ** 90 Tage Übernahmegarantie **   ;Reveno; -  ;839,00;19%; 85 ; - ; https://images.cds-limes.com/LG/Unbenannt.png ;/Preislistenproduktlinien/Haushaltsgeräte/Styler;1;
	LG;S3WERB.ALWQWEU; 20 ; -  ;607KWHX6Y481; S3WERB.ALWQWEU Styler weiß ; - TrueSteam™ (Dampf-Funktion) - Wärmepumpentechnologie - Tag On NFC Funktion - Smart Diagnosis™(telefonische Fehlerdiagnose) - LED Innenbeleuchtung  - **mehrere kleine Kratzer auf dem rechten Seitenteil mittig** - ** Vorführ / Demo / Messegerät ** - ** 90 Tage Übernahmegarantie **   ;Reveno; -  ;839,00;19%; 85 ; - ; https://images.cds-limes.com/LG/bbDesktop_01.jpg ;/Preislistenproduktlinien/Haushaltsgeräte/Styler;1;
	LG;GBB59PZPFS.APZQEUR; 22 ; -  ;702WRHNKE409; GBB59PZPFS Bottom Freezer Kühl- Gefrierkombination ; - Nutzinhalt gesamt: 318 l - Stromverbrauch pro Jahr: 174 kWh - Energieeffizienzklasse: A+++ - Geräuschpegel: 37 dB - **Das Gerät hat starke Gebrauchsspuren und Kratzer und Dellen an Tür, rechte- und linke Seite. Im innenraum sind leichte Gebrauchsspuren** - **90 Tage Übernahmegarantie** - **Vorführ / Messe / Demogerät**   ;Reveno; -  ;259,00;19%; 75 ; - ; https://images.cds-limes.com/LG/medium02.jpg ;/Preislistenproduktlinien/Haushaltsgeräte/Kühlgeräte;1;
	LG;GBB530BLCFS.ANSQEUR; 10 ; -  ;601WRPDKF680; GBB530BLCFS Kühl-/Gefrierkombination ; - Energieeffizienzklasse: A+++ - Total No Frost - Inverter Linear Kompressor - Fresh o Zone - Nutzinhalt gesamt: 343 Liter - Nutzinhalt Kühlbereich: 252 l - Nutzinhalt Gefrierbereich: 91 l - *** viele Dellen und weiße Macke auf der linken Seite*** - ** Vorführ / Demo / Messegerät ** - ** 90 Tage Übernahmegarantie **   ;Reveno; -  ;299,00;19%; 100 ; - ; https://images.cds-limes.com/LG/GBB530BLCFS.jpg ;/Preislistenproduktlinien/Haushaltsgeräte/Kühlgeräte;1;
	LG;GBB59SAPFS.ASNQEUR; -  ; -  ;804WRFSK0395; GBB59SAPFS Kühl-Gefrierkombination ; -Energieeffizienzklasse: A+++ -geschätzter Jahresverbrauch: 174 kWh/Jahr -Geräuschentwicklung: 37 dB -Gefrierbereich:93 Liter -Kühlbereich: 225 Liter   ;Reveno; -  ;389,00;19%; 76 ; - ; https://images.cds-limes.com/LG/medium07.jpg ;/Preislistenproduktlinien/Haushaltsgeräte/Kühlgeräte;1;
	LG;GBB60DSMFS.ADSQEUZ; 14 ; -  ;711WRNAKC799; GBB60DSMFS Refrigerator_Polux A+++ E-Micom CK ; - 250 Liter Kühlbereich  - 93 Liter Gefrierbereich  - 201 cm Höhe  - 59,5 cm Breite  - NoFrost  - Betriebsgeräusch: 37 dB  - **Kratzer an der Tür. Obere Tür: unten rechts an der Kante zur rechten Seite. Untere Tür: unten links an der Kante zur linken Seite.** - **90 Tage Übernahmegarantie** - **Vorführ / Messe / Demogerät**   ;Reveno; -  ;409,00;19%; 80 ; - ; https://images.cds-limes.com/LG/GBB60DSMFS_350.jpg ;/Preislistenproduktlinien/Haushaltsgeräte/Kühlgeräte;1;
	LG;GBB60DSMFS.ADSQEUZ; -  ; -  ;711WRNAKC823; GBB60DSMFS Refrigerator_Polux A+++ E-Micom CK ; - 250 Liter Kühlbereich  - 93 Liter Gefrierbereich  - 201 cm Höhe  - 59,5 cm Breite  - NoFrost  - Betriebsgeräusch: 37 dB  - **90 Tage Übernahmegarantie** - **Vorführ / Messe / Demogerät**   ;Reveno; -  ;429,00;19%; 80 ; - ; https://images.cds-limes.com/LG/GBB60DSMFS_350.jpg ;/Preislistenproduktlinien/Haushaltsgeräte/Kühlgeräte;1;
	LG;GBB59SAFFB.ASNQEUZ; -  ; -  ;808WRPDK6624; GBB59SAFFB Kühl-/Gefrierkombination ; Kühlbereich:225 Liter Gefrierbereich:93 Liter Energieeffizienzklasse: A+++ geschätzter Jahresverbrauch: 174 kWh/Jahr Geräuschentwicklung: 37 dB  - **90 Tage Übernahmegarantie** - **Vorführ / Messe / Demogerät**    ;Reveno; -  ;469,00;19%; 79 ; - ; https://images.cds-limes.com/LG/GBB59SAFFB.jpg ;/Preislistenproduktlinien/Haushaltsgeräte/Kühlgeräte;1;
	LG;GBB548NSQFE.ANSQEUR; 12 ; -  ;708TRGQ1E087; GBB548NSQFE Kühl-/Gefrierkombination ; - Nutzinhalt: 445 Liter - Jahresverbrauch 195 kWh/Jahr A+++ - Funktion: Edelstahl, Kühl-Gefrierkombination - Installation: Freistehend - Breite (Versand): 74.7 cm - Tiefe (Versand): 77.2 cm  - **Kratzer an der Linkenseite und Kratzer am Kühlschrank Einlegebode** - **90 Tage Übernahmegarantie** - **Vorführ / Messe / Demogerät**   ;Reveno; -  ;519,00;19%; 85 ; - ; https://images.cds-limes.com/LG/lg-frigorifero-GBB548NSQFE-medium01[1]-V1.jpg ;/Preislistenproduktlinien/Haushaltsgeräte/Kühlgeräte;1;
	LG;GBB548NSQFE.ANSQEUR; -  ; -  ;708TRKH1D861; GBB548NSQFE Kühl-/Gefrierkombination ; - Nutzinhalt: 445 Liter - Jahresverbrauch 195 kWh/Jahr A+++ - Funktion: Edelstahl, Kühl-Gefrierkombination - Installation: Freistehend - Breite (Versand): 74.7 cm - Tiefe (Versand): 77.2 cm  - **90 Tage Übernahmegarantie** - **Vorführ / Messe / Demogerät**   ;Reveno; -  ;539,00;19%; 85 ; - ; https://images.cds-limes.com/LG/lg-frigorifero-GBB548NSQFE-medium01[1]-V1.jpg ;/Preislistenproduktlinien/Haushaltsgeräte/Kühlgeräte;1;
	LG;GBB60SAYXE.ASNQEUZ; 13 ; -  ;711WRWKKC417; GBB60SAYXE Refrigerator_Polux A+++ E-Micom_Saffiano  ; - Energieeffizienzklasse A+++ - geschätzter Jahresverbrauch Strom 161 kWh/Jahr - Nutzinhalt Gesamt 343 Liter - Kühlsystem NoFrost  - **Kratzer und Delle an der linken Seite, Delle auf der Gefriertür** - **90 Tage Übernahmegarantie** - **Vorführ / Messe / Demogerät**   ;Reveno; -  ;559,00;19%; 81 ; - ; https://images.cds-limes.com/LG/GBB60SAYXE_350.jpg ;/Preislistenproduktlinien/Haushaltsgeräte/Kühlgeräte;1;
	LG;GBB60SAYXE.ASNQEUZ; -  ; -  ;711WRURKC414; GBB60SAYXE Refrigerator_Polux A+++ E-Micom_Saffiano  ; - Energieeffizienzklasse A+++ - geschätzter Jahresverbrauch Strom 161 kWh/Jahr - Nutzinhalt Gesamt 343 Liter - Kühlsystem NoFrost  - **90 Tage Übernahmegarantie** - **Vorführ / Messe / Demogerät**   ;Reveno; -  ;579,00;19%; 81 ; - ; https://images.cds-limes.com/LG/GBB60SAYXE_350.jpg ;/Preislistenproduktlinien/Haushaltsgeräte/Kühlgeräte;1;
	LG;49WEC-C.AEU; -  ; -  ;606PMVP00111; 49WEC-C Kühl-Gefrierkombination / Transparent Cooler ; - 1,920 x 1,080 (FHD)  - **90 Tage Übernahmegarantie** - **Vorführ / Messe / Demogerät**   ;Reveno; -  ;1.299,00;19%; 162 ; - ; https://images.cds-limes.com/LG/G_L_940x620_01_Cooler_Front_1 (1).jpg ;/Preislistenproduktlinien/Haushaltsgeräte/Kühlgeräte;1;
	LG;49WEC-C.AEU; -  ; -  ;606PMPF00256; 49WEC-C Kühl-Gefrierkombination / Transparent Cooler ; - 1,920 x 1,080 (FHD)  - **90 Tage Übernahmegarantie** - **Vorführ / Messe / Demogerät**   ;Reveno; -  ;1.299,00;19%; 162 ; - ; https://images.cds-limes.com/LG/G_L_940x620_01_Cooler_Front_1 (1).jpg ;/Preislistenproduktlinien/Haushaltsgeräte/Kühlgeräte;1;
	LG;T7WM2MINI.ABWQKDG; 27 ; -  ;709KWZHA9373; T7WM2MINI Mini Waschmaschine  ; -Füllmenge: 1 - 2 kg -Gewicht netto / brutto: 43 kg / 48 kg -Bedienung: LED-Display mit Touchbedienung  - **Tiefe Einkerbung rechts und links des Displays, kleine Macken auf dem Glas, abgeplatzte Farbe** - **Vorführ / Messe / Demogerät**  -**90 Tage Übernahmegarantie**   ;Reveno; -  ;169,00;19%; 45 ; - ; https://images.cds-limes.com/LG/Bild MiniWash.png ;/Preislistenproduktlinien/Haushaltsgeräte/Waschmaschinen;1;
	LG;F14WM7KN1.ABWQWDG; -  ; -  ;712PWNFKZ679; F14WM7KN1 Waschmaschine ; - Inverter DirectDrive™ (kein Keilriemen, super leise, langlebig) - 6 unterschiedliche Trommelbewegungen (besonders schonend) - Tag On NFC Funktion (Download Waschprogramme / Smart Diagnosis™ - Fehlerdiagnose) - Digitales Touchdisplay mit Restanzeige und Startzeitvorwahl - Füllmenge: 1-7KG - - ** Vorführ / Demo / Messegerät ** - ** 90 Tage Übernahmegarantie **   ;Reveno; -  ;269,00;19%; 60 ; - ; https://images.cds-limes.com/LG/F14WM7KN1.ABWQWDG.jpg ;/Preislistenproduktlinien/Haushaltsgeräte/Waschmaschinen;1;
	LG;T7WM2MINI.ABWQKDG; 26 ; -  ;709KWHXA9441; T7WM2MINI Mini Waschmaschine  ; -Füllmenge: 1 - 2 kg -Gewicht netto / brutto: 43 kg / 48 kg -Bedienung: LED-Display mit Touchbedienung  - **Großer Kratzer auf der Oberseite** - **Vorführ / Messe / Demogerät**  -**90 Tage Übernahmegarantie**   ;Reveno; -  ;279,00;19%; 45 ; - ; https://images.cds-limes.com/LG/Bild MiniWash.png ;/Preislistenproduktlinien/Haushaltsgeräte/Waschmaschinen;1;
	LG;T7WM2MINI.ABWQKDG; 28 ; -  ;709KWWZA9409; T7WM2MINI Mini Waschmaschine  ; -Füllmenge: 1 - 2 kg -Gewicht netto / brutto: 43 kg / 48 kg -Bedienung: LED-Display mit Touchbedienung  - **Großer Kratzer neben dem Display, Kratzer auf der Oberseite** - **Vorführ / Messe / Demogerät**  -**90 Tage Übernahmegarantie**   ;Reveno; -  ;279,00;19%; 45 ; - ; https://images.cds-limes.com/LG/Bild MiniWash.png ;/Preislistenproduktlinien/Haushaltsgeräte/Waschmaschinen;1;
	LG;T7WM2MINI.ABWQKDG; 25 ; -  ;705KWLR20088; T7WM2MINI Mini Waschmaschine  ; -Füllmenge: 1 - 2 kg -Gewicht netto / brutto: 43 kg / 48 kg -Bedienung: LED-Display mit Touchbedienung  - **hier sind die nötigen Drückerschalter zur Montage nicht mit im Lieferumfang enthalten** - **90 Tage Übernahmegarantie** - **Vorführ / Messe / Demogerät**    ;Reveno; -  ;289,00;19%; 45 ; - ; https://images.cds-limes.com/LG/Bild MiniWash.png ;/Preislistenproduktlinien/Haushaltsgeräte/Waschmaschinen;1;
	LG;T7WM2MINI.ABWQKDG; 25 ; -  ;705KWMK20067; T7WM2MINI Mini Waschmaschine  ; -Füllmenge: 1 - 2 kg -Gewicht netto / brutto: 43 kg / 48 kg -Bedienung: LED-Display mit Touchbedienung  - **hier sind die nötigen Drückerschalter zur Montage nicht mit im Lieferumfang enthalten** - **90 Tage Übernahmegarantie** - **Vorführ / Messe / Demogerät**    ;Reveno; -  ;289,00;19%; 45 ; - ; https://images.cds-limes.com/LG/Bild MiniWash.png ;/Preislistenproduktlinien/Haushaltsgeräte/Waschmaschinen;1;
	LG;T7WM2MINI.ABWQKDG; -  ; -  ;708KWJU1D508; T7WM2MINI Mini Waschmaschine  ; -Füllmenge: 1 - 2 kg -Gewicht netto / brutto: 43 kg / 48 kg -Bedienung: LED-Display mit Touchbedienung  - **Vorführ / Messe / Demogerät**  -**90 Tage Übernahmegarantie**   ;Reveno; -  ;289,00;19%; 45 ; - ; https://images.cds-limes.com/LG/Bild MiniWash.png ;/Preislistenproduktlinien/Haushaltsgeräte/Waschmaschinen;1;
	LG;T7WM2MINI.ABWQKDG; -  ; -  ;707KWEL52772; T7WM2MINI Mini Waschmaschine  ; -Füllmenge: 1 - 2 kg -Gewicht netto / brutto: 43 kg / 48 kg -Bedienung: LED-Display mit Touchbedienung  - **Vorführ / Messe / Demogerät**  -**90 Tage Übernahmegarantie**   ;Reveno; -  ;289,00;19%; 45 ; - ; https://images.cds-limes.com/LG/Bild MiniWash.png ;/Preislistenproduktlinien/Haushaltsgeräte/Waschmaschinen;1;
	LG;T7WM2MINI.ABWQKDG; -  ; -  ;709KWFNA9459; T7WM2MINI Mini Waschmaschine  ; -Füllmenge: 1 - 2 kg -Gewicht netto / brutto: 43 kg / 48 kg -Bedienung: LED-Display mit Touchbedienung  - **Vorführ / Messe / Demogerät**  -**90 Tage Übernahmegarantie**   ;Reveno; -  ;289,00;19%; 45 ; - ; https://images.cds-limes.com/LG/Bild MiniWash.png ;/Preislistenproduktlinien/Haushaltsgeräte/Waschmaschinen;1;
	LG;T7WM2MINI.ABWQKDG; -  ; -  ;709KWREA9462; T7WM2MINI Mini Waschmaschine  ; -Füllmenge: 1 - 2 kg -Gewicht netto / brutto: 43 kg / 48 kg -Bedienung: LED-Display mit Touchbedienung  - **Vorführ / Messe / Demogerät**  -**90 Tage Übernahmegarantie**   ;Reveno; -  ;289,00;19%; 45 ; - ; https://images.cds-limes.com/LG/Bild MiniWash.png ;/Preislistenproduktlinien/Haushaltsgeräte/Waschmaschinen;1;
	LG;T7WM2MINI.ABWQKDG; -  ; -  ;709KWBYA9461; T7WM2MINI Mini Waschmaschine  ; -Füllmenge: 1 - 2 kg -Gewicht netto / brutto: 43 kg / 48 kg -Bedienung: LED-Display mit Touchbedienung  - **Vorführ / Messe / Demogerät**  -**90 Tage Übernahmegarantie**   ;Reveno; -  ;289,00;19%; 45 ; - ; https://images.cds-limes.com/LG/Bild MiniWash.png ;/Preislistenproduktlinien/Haushaltsgeräte/Waschmaschinen;1;
	LG;T7WM3P5MINI.ABWQKDG; -  ; -  ;710KWZH64909; T7WM3P5MINI Mini Waschmaschine ; -Füllmenge: 1 - 3,5 kg -Energieeffizienzklasse: A++(Spektrum: A+++ bis D) -Bedienung: LED-Display mit Touchbedienung  -**90 Tage Übernahmegarantie** - **Vorführ / Messe / Demogerät**    ;Reveno; -  ;469,00;19%; 45 ; - ; https://images.cds-limes.com/LG/T7WM3P5MINI.jpg ;/Preislistenproduktlinien/Haushaltsgeräte/Waschmaschinen;1;
	LG;GSL461ICEZ.APZQEUR; -  ; -  ;708TRBS11005; GSL461ICEZ Side-by-Side  ; -Nutzinhalt Kühlbereich: 405 l -Nutzinhalt Gefrierbereich: 196 l -Stromverbrauch pro Jahr: 376 kW/h (pro Tag 1,03 kW/h) -Energieeffizienzklasse: A++ (A+++ bis D Skala) -Geräuschpegel: 39 dB -Gefrierleistung in 24h: 12 kg  - Wasserversorgung: interner Wassertank (4L) / kein Festwasseranschluss notwendig - Bedienung: Digitaldisplay mit Temperaturregelung  **90 Tage Übernahmegarantie**   ;Reveno; -  ;699,00;19%; 140 ; - ; https://images.cds-limes.com/LG/GSL461ICEZ.jpg ;/Preislistenproduktlinien/Haushaltsgeräte/Side-by-Side;1;
	LG;GSJ961NSUZ.ANSQEUR; -  ; -  ;711TRMF1H195; GSJ961NSUZ Side by Side ; - Nutzinhalt gesamt: 601 Liter - Nutzinhalt Kühlschrank: 405 Liter - Nutzinhalt Gefrierbereich: 196 Liter - Abmessungen: 912 x 1,790 x 738mm - LED Lampe - ** Vorführ / Demo / Messegerät ** - ** 90 Tage Übernahmegarantie **   ;Reveno; -  ;959,00;19%; 100 ; - ; https://images.cds-limes.com/LG/GSJ961NSUZ.jpg ;/Preislistenproduktlinien/Haushaltsgeräte/Side-by-Side;1;
	LG;F14WM8TN4.AESQWDG; -  ; -  ;803PWFGL9515; F14WM8TN4 Waschmaschine ; -Energieeffizienzklasse: A+++ -geschätzter Jahresverbrauch: 132 kWh/Jahr -Jahresverbrauch Wasser: 10.700 Liter -Energieverbrauch: 0,71 kWh -Füllmenge: 8 kg -Geräuschpegel beim Waschen: 55 dB -Geräuschpegel beim Schleudern: 73 dB   **90 Tage Übernahmegarantie** - **Vorführ / Messe / Demogerät**    ;Reveno; -  ;299,00;19%; 65 ; - ; https://images.cds-limes.com/LG/F14WM8TN4 Waschmaschine.jpg ;/Preislistenproduktlinien/Haushaltsgeräte/Waschtrockner;1;
	LG;VRE610BKC.ABOQLGD; -  ; -  ;704KMSA00590; VRE610BKC Staubsaugerroboter ; - Intelligente Raumerkennung mit Kamera - Robonavi 10.0 Navigationssystem - Anti-Stoßkontrolle durch 3 Ultraschallsensoren 2.0 - 3 Stufen- und Absatzsensoren - Smart Turbo und Turbo Modus - EPA Klasse 11 Filter (Permanent) - ** Vorführ / Demo / Messegerät ** - ** 90 Tage Übernahmegarantie **   ;Reveno; -  ;119,00;19%; 5 ; - ; https://images.cds-limes.com/LG/VRE610BKC.ABOQLGD.jpg ;/Preislistenproduktlinien/Haushaltsgeräte/Staubsauger & Hombots;1;
	LG;VRE610BKC.ABOQLGD; -  ; -  ;704KMAN00576; VRE610BKC Staubsaugerroboter ; - Intelligente Raumerkennung mit Kamera - Robonavi 10.0 Navigationssystem - Anti-Stoßkontrolle durch 3 Ultraschallsensoren 2.0 - 3 Stufen- und Absatzsensoren - Smart Turbo und Turbo Modus - EPA Klasse 11 Filter (Permanent) - ** Vorführ / Demo / Messegerät ** - ** 90 Tage Übernahmegarantie **   ;Reveno; -  ;119,00;19%; 5 ; - ; https://images.cds-limes.com/LG/VRE610BKC.ABOQLGD.jpg ;/Preislistenproduktlinien/Haushaltsgeräte/Staubsauger & Hombots;1;
	LG;VRD830MGPCM.AMGQLGD; -  ; -  ;711KMVP0M047; VRD830MGPCM Hombot Staubsaugerroboter ; - Staubbehälter Volumen 0,6 l - EPA Filter Klasse 11 (Permanent) - Akkuleistung 2.330 mAh - Laufzeit 100 min - Ladezeit: 3 Stunden - Flächenleistung: 150 m² - Befahrbare Teppichhöhe: 15 mm - Geräuschpegel: 60 dB  - **90 Tage Übernahmegarantie** - **Vorführ / Messe / Demogerät**   ;Reveno; -  ;199,00;19%; 3 ; - ; https://images.cds-limes.com/LG/md05769130-350x350.jpg ;/Preislistenproduktlinien/Haushaltsgeräte/Staubsauger & Hombots;1;
	LG;VRD820MRPC.AMRQLGD; -  ; -  ;703KMHW1N553; VRD820MRPC Hombot Staubsauger ; -Produkttyp: Saugroboter -geeignet für: Teppichboden, Tierbesitzer, Hartboden -Saugtechnologie: beutellos  -**90 Tage Übernahmegarantie** - **Vorführ / Messe / Demogerät**     ;Reveno; -  ;269,00;19%; 3 ; - ; https://images.cds-limes.com/LG/VRD820MRPC Hombot Staubsauger.jpg ;/Preislistenproduktlinien/Haushaltsgeräte/Staubsauger & Hombots;1;

